https://walrus.wr.usgs.gov/namss/data/1982/namss.B-04-82-AT.mcs.airgun/Data/PDF/17985-D.pdf	3.9
https://walrus.wr.usgs.gov/namss/data/1982/namss.B-04-82-AT.mcs.airgun/Data/PDF/17985.pdf	4.1
https://walrus.wr.usgs.gov/namss/data/1982/namss.B-04-82-AT.mcs.airgun/Data/PDF/17987.pdf	3.3
https://walrus.wr.usgs.gov/namss/data/1982/namss.B-04-82-AT.mcs.airgun/Data/PDF/17988-D.pdf	2.4
https://walrus.wr.usgs.gov/namss/data/1982/namss.B-04-82-AT.mcs.airgun/Data/PDF/17988.pdf	4.5
https://walrus.wr.usgs.gov/namss/data/1982/namss.B-04-82-AT.mcs.airgun/Data/PDF/17990-D.pdf	4.8
https://walrus.wr.usgs.gov/namss/data/1982/namss.B-04-82-AT.mcs.airgun/Data/PDF/17990.pdf	2.2
https://walrus.wr.usgs.gov/namss/data/1982/namss.B-04-82-AT.mcs.airgun/Data/PDF/17991-D.pdf	2.9
https://walrus.wr.usgs.gov/namss/data/1982/namss.B-04-82-AT.mcs.airgun/Data/PDF/17991.pdf	2.0
https://walrus.wr.usgs.gov/namss/data/1982/namss.B-04-82-AT.mcs.airgun/Data/PDF/17993.pdf	2.5
https://walrus.wr.usgs.gov/namss/data/1982/namss.B-04-82-AT.mcs.airgun/Data/PDF/17999.pdf	2.5
https://walrus.wr.usgs.gov/namss/data/1982/namss.B-04-82-AT.mcs.airgun/Data/PDF/18000-D.pdf	1.8
https://walrus.wr.usgs.gov/namss/data/1982/namss.B-04-82-AT.mcs.airgun/Data/PDF/18000.pdf	1.7
https://walrus.wr.usgs.gov/namss/data/1982/namss.B-04-82-AT.mcs.airgun/Data/PDF/18001-D.pdf	5.3
https://walrus.wr.usgs.gov/namss/data/1982/namss.B-04-82-AT.mcs.airgun/Data/PDF/18001.pdf	4.3
https://walrus.wr.usgs.gov/namss/data/1982/namss.B-04-82-AT.mcs.airgun/Data/PDF/18004-D.pdf	7.6
https://walrus.wr.usgs.gov/namss/data/1982/namss.B-04-82-AT.mcs.airgun/Data/PDF/18004.pdf	7.0
https://walrus.wr.usgs.gov/namss/data/1982/namss.B-04-82-AT.mcs.airgun/Data/PDF/18006-D.pdf	4.4
https://walrus.wr.usgs.gov/namss/data/1982/namss.B-04-82-AT.mcs.airgun/Data/PDF/18006.pdf	4.3
https://walrus.wr.usgs.gov/namss/data/1982/namss.B-04-82-AT.mcs.airgun/Data/PDF/18009-D.pdf	2.7
https://walrus.wr.usgs.gov/namss/data/1982/namss.B-04-82-AT.mcs.airgun/Data/PDF/18009.pdf	2.5
https://walrus.wr.usgs.gov/namss/data/1982/namss.B-04-82-AT.mcs.airgun/Data/PDF/18012-D.pdf	2.7
https://walrus.wr.usgs.gov/namss/data/1982/namss.B-04-82-AT.mcs.airgun/Data/PDF/18012.pdf	2.6
https://walrus.wr.usgs.gov/namss/data/1982/namss.B-04-82-AT.mcs.airgun/Data/PDF/18019.pdf	7.3
https://walrus.wr.usgs.gov/namss/data/1982/namss.B-04-82-AT.mcs.airgun/Data/PDF/18021.pdf	3.4
https://walrus.wr.usgs.gov/namss/data/1982/namss.B-04-82-AT.mcs.airgun/Data/PDF/18027.pdf	3.5
https://walrus.wr.usgs.gov/namss/data/1982/namss.B-04-82-AT.mcs.airgun/Data/PDF/18029-D.pdf	2.5
https://walrus.wr.usgs.gov/namss/data/1982/namss.B-04-82-AT.mcs.airgun/Data/PDF/18029.pdf	2.9
https://walrus.wr.usgs.gov/namss/data/1982/namss.B-04-82-AT.mcs.airgun/Data/PDF/18029A.pdf	3.1
https://walrus.wr.usgs.gov/namss/data/1982/namss.B-04-82-AT.mcs.airgun/Data/PDF/18033-D.pdf	6.8
https://walrus.wr.usgs.gov/namss/data/1982/namss.B-04-82-AT.mcs.airgun/Data/PDF/18033.pdf	7.9
https://walrus.wr.usgs.gov/namss/data/1982/namss.B-04-82-AT.mcs.airgun/Data/PDF/18034-D.pdf	3.0
https://walrus.wr.usgs.gov/namss/data/1982/namss.B-04-82-AT.mcs.airgun/Data/PDF/18034.pdf	3.4
https://walrus.wr.usgs.gov/namss/data/1982/namss.B-04-82-AT.mcs.airgun/Data/PDF/18036-D.pdf	2.8
https://walrus.wr.usgs.gov/namss/data/1982/namss.B-04-82-AT.mcs.airgun/Data/PDF/18036.pdf	2.7
https://walrus.wr.usgs.gov/namss/data/1982/namss.B-04-82-AT.mcs.airgun/Data/PDF/18051-1.pdf	7.1
https://walrus.wr.usgs.gov/namss/data/1982/namss.B-04-82-AT.mcs.airgun/Data/PDF/18051-2.pdf	7.8
https://walrus.wr.usgs.gov/namss/data/1982/namss.B-04-82-AT.mcs.airgun/Data/PDF/18051-3.pdf	7.2
https://walrus.wr.usgs.gov/namss/data/1982/namss.B-04-82-AT.mcs.airgun/Data/PDF/18051-D.pdf	1.8
https://walrus.wr.usgs.gov/namss/data/1982/namss.B-04-82-AT.mcs.airgun/Data/PDF/18059-D.pdf	3.0
https://walrus.wr.usgs.gov/namss/data/1982/namss.B-04-82-AT.mcs.airgun/Data/PDF/18059.pdf	3.1
https://walrus.wr.usgs.gov/namss/data/1982/namss.B-04-82-AT.mcs.airgun/Data/PDF/18062-D.pdf	2.0
https://walrus.wr.usgs.gov/namss/data/1982/namss.B-04-82-AT.mcs.airgun/Data/PDF/18062.pdf	1.9
https://walrus.wr.usgs.gov/namss/data/1982/namss.B-04-82-AT.mcs.airgun/Data/PDF/18066-D.pdf	7.0
https://walrus.wr.usgs.gov/namss/data/1982/namss.B-04-82-AT.mcs.airgun/Data/PDF/18066.pdf	8.8
https://walrus.wr.usgs.gov/namss/data/1982/namss.B-04-82-AT.mcs.airgun/Data/PDF/18067-D.pdf	3.9
https://walrus.wr.usgs.gov/namss/data/1982/namss.B-04-82-AT.mcs.airgun/Data/PDF/18067.pdf	9.2
https://walrus.wr.usgs.gov/namss/data/1982/namss.B-04-82-AT.mcs.airgun/Data/PDF/18070-D.pdf	2.5
https://walrus.wr.usgs.gov/namss/data/1982/namss.B-04-82-AT.mcs.airgun/Data/PDF/18070.pdf	8.7
https://walrus.wr.usgs.gov/namss/data/1982/namss.B-04-82-AT.mcs.airgun/Data/PDF/18071-D.pdf	5.7
https://walrus.wr.usgs.gov/namss/data/1982/namss.B-04-82-AT.mcs.airgun/Data/PDF/18071.pdf	3.2
https://walrus.wr.usgs.gov/namss/data/1982/namss.B-04-82-AT.mcs.airgun/Data/PDF/18072-D.pdf	5.8
https://walrus.wr.usgs.gov/namss/data/1982/namss.B-04-82-AT.mcs.airgun/Data/PDF/18072.pdf	5.5
https://walrus.wr.usgs.gov/namss/data/1982/namss.B-04-82-AT.mcs.airgun/Data/PDF/18074-D.pdf	5.3
https://walrus.wr.usgs.gov/namss/data/1982/namss.B-04-82-AT.mcs.airgun/Data/PDF/18074.pdf	5.9
https://walrus.wr.usgs.gov/namss/data/1982/namss.B-04-82-AT.mcs.airgun/Data/PDF/18078-D.pdf	5.5
https://walrus.wr.usgs.gov/namss/data/1982/namss.B-04-82-AT.mcs.airgun/Data/PDF/18078.pdf	5.7
https://walrus.wr.usgs.gov/namss/data/1982/namss.B-04-82-AT.mcs.airgun/Data/PDF/18079-D.pdf	3.1
https://walrus.wr.usgs.gov/namss/data/1982/namss.B-04-82-AT.mcs.airgun/Data/PDF/18079.pdf	3.6
https://walrus.wr.usgs.gov/namss/data/1982/namss.B-04-82-AT.mcs.airgun/Data/PDF/18084-D.pdf	5.5
https://walrus.wr.usgs.gov/namss/data/1982/namss.B-04-82-AT.mcs.airgun/Data/PDF/18084.pdf	5.9
https://walrus.wr.usgs.gov/namss/data/1982/namss.B-04-82-AT.mcs.airgun/Data/PDF/18159-D.pdf	5.6
https://walrus.wr.usgs.gov/namss/data/1982/namss.B-04-82-AT.mcs.airgun/Data/PDF/18159.pdf	2.8
https://walrus.wr.usgs.gov/namss/data/1982/namss.B-04-82-AT.mcs.airgun/Data/PDF/18162-D.pdf	2.9
https://walrus.wr.usgs.gov/namss/data/1982/namss.B-04-82-AT.mcs.airgun/Data/PDF/18162.pdf	2.7
https://walrus.wr.usgs.gov/namss/data/1982/namss.B-04-82-AT.mcs.airgun/Data/PDF/18165-D.pdf	8.1
https://walrus.wr.usgs.gov/namss/data/1982/namss.B-04-82-AT.mcs.airgun/Data/PDF/18165.pdf	4.0
https://walrus.wr.usgs.gov/namss/data/1982/namss.B-04-82-AT.mcs.airgun/Data/PDF/18235.pdf	3.8
https://walrus.wr.usgs.gov/namss/data/1982/namss.B-04-82-AT.mcs.airgun/Data/PDF/18236.pdf	5.7
https://walrus.wr.usgs.gov/namss/data/1982/namss.B-04-82-AT.mcs.airgun/Data/PDF/18237.pdf	6.0
https://walrus.wr.usgs.gov/namss/data/1982/namss.B-04-82-AT.mcs.airgun/Data/PDF/18238.pdf	5.8
https://walrus.wr.usgs.gov/namss/data/1982/namss.B-04-82-AT.mcs.airgun/Data/PDF/18239.pdf	2.3
https://walrus.wr.usgs.gov/namss/data/1982/namss.B-04-82-AT.mcs.airgun/Data/SEGY/Depth/17985-D.segy	11.9
https://walrus.wr.usgs.gov/namss/data/1982/namss.B-04-82-AT.mcs.airgun/Data/SEGY/Depth/17988-D.segy	37.3
https://walrus.wr.usgs.gov/namss/data/1982/namss.B-04-82-AT.mcs.airgun/Data/SEGY/Depth/17991-D.segy	28.2
https://walrus.wr.usgs.gov/namss/data/1982/namss.B-04-82-AT.mcs.airgun/Data/SEGY/Depth/18012-D.segy	34.7
https://walrus.wr.usgs.gov/namss/data/1982/namss.B-04-82-AT.mcs.airgun/Data/SEGY/Depth/18029-D.segy	23.8
https://walrus.wr.usgs.gov/namss/data/1982/namss.B-04-82-AT.mcs.airgun/Data/SEGY/Depth/18034-D.segy	28.3
https://walrus.wr.usgs.gov/namss/data/1982/namss.B-04-82-AT.mcs.airgun/Data/SEGY/Depth/18036-D.segy	25.4
https://walrus.wr.usgs.gov/namss/data/1982/namss.B-04-82-AT.mcs.airgun/Data/SEGY/Depth/18051-D.segy	48.7
https://walrus.wr.usgs.gov/namss/data/1982/namss.B-04-82-AT.mcs.airgun/Data/SEGY/Depth/18059-D.segy	25.8
https://walrus.wr.usgs.gov/namss/data/1982/namss.B-04-82-AT.mcs.airgun/Data/SEGY/Depth/18062-D.segy	15.3
https://walrus.wr.usgs.gov/namss/data/1982/namss.B-04-82-AT.mcs.airgun/Data/SEGY/Depth/18067-D.segy	9.9
https://walrus.wr.usgs.gov/namss/data/1982/namss.B-04-82-AT.mcs.airgun/Data/SEGY/Depth/18070-D.segy	6.7
https://walrus.wr.usgs.gov/namss/data/1982/namss.B-04-82-AT.mcs.airgun/Data/SEGY/Depth/18071-D.segy	16.2
https://walrus.wr.usgs.gov/namss/data/1982/namss.B-04-82-AT.mcs.airgun/Data/SEGY/Depth/18072-D.segy	15.3
https://walrus.wr.usgs.gov/namss/data/1982/namss.B-04-82-AT.mcs.airgun/Data/SEGY/Depth/18074-D.segy	14.6
https://walrus.wr.usgs.gov/namss/data/1982/namss.B-04-82-AT.mcs.airgun/Data/SEGY/Depth/18078-D.segy	14.7
https://walrus.wr.usgs.gov/namss/data/1982/namss.B-04-82-AT.mcs.airgun/Data/SEGY/Depth/18079-D.segy	14.7
https://walrus.wr.usgs.gov/namss/data/1982/namss.B-04-82-AT.mcs.airgun/Data/SEGY/Depth/18084-D.segy	14.6
https://walrus.wr.usgs.gov/namss/data/1982/namss.B-04-82-AT.mcs.airgun/Data/SEGY/Depth/18159-D.segy	11.2
https://walrus.wr.usgs.gov/namss/data/1982/namss.B-04-82-AT.mcs.airgun/Data/SEGY/Depth/18162-D.segy	5.6
https://walrus.wr.usgs.gov/namss/data/1982/namss.B-04-82-AT.mcs.airgun/Data/SEGY/Depth/18165A-D.segy	15.0
https://walrus.wr.usgs.gov/namss/data/1982/namss.B-04-82-AT.mcs.airgun/Data/SEGY/Depth/28034-D.segy	28.3
https://walrus.wr.usgs.gov/namss/data/1982/namss.B-04-82-AT.mcs.airgun/Data/SEGY/Depth/38034-D.segy	28.3
https://walrus.wr.usgs.gov/namss/data/1982/namss.B-04-82-AT.mcs.airgun/Data/SEGY/Migration/17985_migr.segy	0.48
https://walrus.wr.usgs.gov/namss/data/1982/namss.B-04-82-AT.mcs.airgun/Data/SEGY/Migration/17987_migr.segy	8.5
https://walrus.wr.usgs.gov/namss/data/1982/namss.B-04-82-AT.mcs.airgun/Data/SEGY/Migration/17988_migr.segy	28.2
https://walrus.wr.usgs.gov/namss/data/1982/namss.B-04-82-AT.mcs.airgun/Data/SEGY/Migration/17990_migr.segy	9.0
https://walrus.wr.usgs.gov/namss/data/1982/namss.B-04-82-AT.mcs.airgun/Data/SEGY/Migration/17991_migr.segy	20.4
https://walrus.wr.usgs.gov/namss/data/1982/namss.B-04-82-AT.mcs.airgun/Data/SEGY/Migration/17993_migr.segy	20.8
https://walrus.wr.usgs.gov/namss/data/1982/namss.B-04-82-AT.mcs.airgun/Data/SEGY/Migration/17999_migr.segy	24.0
https://walrus.wr.usgs.gov/namss/data/1982/namss.B-04-82-AT.mcs.airgun/Data/SEGY/Migration/18000_migr.segy	26.4
https://walrus.wr.usgs.gov/namss/data/1982/namss.B-04-82-AT.mcs.airgun/Data/SEGY/Migration/18001_migr.segy	11.8
https://walrus.wr.usgs.gov/namss/data/1982/namss.B-04-82-AT.mcs.airgun/Data/SEGY/Migration/18004_migr.segy	18.4
https://walrus.wr.usgs.gov/namss/data/1982/namss.B-04-82-AT.mcs.airgun/Data/SEGY/Migration/18006_migr.segy	11.0
https://walrus.wr.usgs.gov/namss/data/1982/namss.B-04-82-AT.mcs.airgun/Data/SEGY/Migration/18009_migr.segy	23.6
https://walrus.wr.usgs.gov/namss/data/1982/namss.B-04-82-AT.mcs.airgun/Data/SEGY/Migration/18012_migr.segy	26.2
https://walrus.wr.usgs.gov/namss/data/1982/namss.B-04-82-AT.mcs.airgun/Data/SEGY/Migration/18019_migr.segy	18.1
https://walrus.wr.usgs.gov/namss/data/1982/namss.B-04-82-AT.mcs.airgun/Data/SEGY/Migration/18021_migr.segy	9.2
https://walrus.wr.usgs.gov/namss/data/1982/namss.B-04-82-AT.mcs.airgun/Data/SEGY/Migration/18027_migr.segy	50.1
https://walrus.wr.usgs.gov/namss/data/1982/namss.B-04-82-AT.mcs.airgun/Data/SEGY/Migration/18029A_migr.segy	20.8
https://walrus.wr.usgs.gov/namss/data/1982/namss.B-04-82-AT.mcs.airgun/Data/SEGY/Migration/18029_migr.segy	20.7
https://walrus.wr.usgs.gov/namss/data/1982/namss.B-04-82-AT.mcs.airgun/Data/SEGY/Migration/18034_migr.segy	31.7
https://walrus.wr.usgs.gov/namss/data/1982/namss.B-04-82-AT.mcs.airgun/Data/SEGY/Migration/18036_migr.segy	22.6
https://walrus.wr.usgs.gov/namss/data/1982/namss.B-04-82-AT.mcs.airgun/Data/SEGY/Migration/18062_migr.segy	16.7
https://walrus.wr.usgs.gov/namss/data/1982/namss.B-04-82-AT.mcs.airgun/Data/SEGY/Migration/18066_migr.segy	24.7
https://walrus.wr.usgs.gov/namss/data/1982/namss.B-04-82-AT.mcs.airgun/Data/SEGY/Migration/18067_migr.segy	24.7
https://walrus.wr.usgs.gov/namss/data/1982/namss.B-04-82-AT.mcs.airgun/Data/SEGY/Migration/18070_migr.segy	21.5
https://walrus.wr.usgs.gov/namss/data/1982/namss.B-04-82-AT.mcs.airgun/Data/SEGY/Migration/18071_migr.segy	6.7
https://walrus.wr.usgs.gov/namss/data/1982/namss.B-04-82-AT.mcs.airgun/Data/SEGY/Migration/18072_migr.segy	13.3
https://walrus.wr.usgs.gov/namss/data/1982/namss.B-04-82-AT.mcs.airgun/Data/SEGY/Migration/18074_migr.segy	16.3
https://walrus.wr.usgs.gov/namss/data/1982/namss.B-04-82-AT.mcs.airgun/Data/SEGY/Migration/18078_migr.segy	16.5
https://walrus.wr.usgs.gov/namss/data/1982/namss.B-04-82-AT.mcs.airgun/Data/SEGY/Migration/18079_migr.segy	8.2
https://walrus.wr.usgs.gov/namss/data/1982/namss.B-04-82-AT.mcs.airgun/Data/SEGY/Migration/18084_migr.segy	16.3
https://walrus.wr.usgs.gov/namss/data/1982/namss.B-04-82-AT.mcs.airgun/Data/SEGY/Migration/18159_migr.segy	9.9
https://walrus.wr.usgs.gov/namss/data/1982/namss.B-04-82-AT.mcs.airgun/Data/SEGY/Migration/18162_migr.segy	4.5
https://walrus.wr.usgs.gov/namss/data/1982/namss.B-04-82-AT.mcs.airgun/Data/SEGY/Migration/18165_migr.segy	13.5
https://walrus.wr.usgs.gov/namss/data/1982/namss.B-04-82-AT.mcs.airgun/Data/SEGY/Migration/18238_migr.segy	5.7
https://walrus.wr.usgs.gov/namss/data/1982/namss.B-04-82-AT.mcs.airgun/Data/SEGY/Migration/18239_migr.segy	2.1
https://walrus.wr.usgs.gov/namss/data/1982/namss.B-04-82-AT.mcs.airgun/Navigation/E04-82-D.segp1	0.1375
https://walrus.wr.usgs.gov/namss/data/1982/namss.B-04-82-AT.mcs.airgun/Navigation/E04-82.segp1	0.234
https://walrus.wr.usgs.gov/namss/data/1982/namss.B-04-82-AT.mcs.airgun/Navigation/E04-82_migr.segp1	0.1906
