https://walrus.wr.usgs.gov/namss/data/1979/namss.H-18-79-SC.mcs.airgun/Data/SEGY/Migration/4361.mig.sgy	17.0
https://walrus.wr.usgs.gov/namss/data/1979/namss.H-18-79-SC.mcs.airgun/Data/SEGY/Migration/4361A.mig.sgy	41.4
https://walrus.wr.usgs.gov/namss/data/1979/namss.H-18-79-SC.mcs.airgun/Data/SEGY/Migration/4426.mig.sgy	75.0
https://walrus.wr.usgs.gov/namss/data/1979/namss.H-18-79-SC.mcs.airgun/Data/SEGY/Migration/4502.mig.sgy	7.7
https://walrus.wr.usgs.gov/namss/data/1979/namss.H-18-79-SC.mcs.airgun/Data/SEGY/Migration/4506.mig.sgy	8.1
https://walrus.wr.usgs.gov/namss/data/1979/namss.H-18-79-SC.mcs.airgun/Data/SEGY/Migration/4508.mig.sgy	8.1
https://walrus.wr.usgs.gov/namss/data/1979/namss.H-18-79-SC.mcs.airgun/Data/SEGY/Migration/4510.mig.sgy	9.3
https://walrus.wr.usgs.gov/namss/data/1979/namss.H-18-79-SC.mcs.airgun/Data/SEGY/Migration/4511.mig.sgy	39.7
https://walrus.wr.usgs.gov/namss/data/1979/namss.H-18-79-SC.mcs.airgun/Data/SEGY/Migration/4512.mig.sgy	8.9
https://walrus.wr.usgs.gov/namss/data/1979/namss.H-18-79-SC.mcs.airgun/Data/SEGY/Migration/4513.mig.sgy	43.0
https://walrus.wr.usgs.gov/namss/data/1979/namss.H-18-79-SC.mcs.airgun/Data/SEGY/Migration/4514.mig.sgy	9.3
https://walrus.wr.usgs.gov/namss/data/1979/namss.H-18-79-SC.mcs.airgun/Data/SEGY/Migration/4515.mig.sgy	47.9
https://walrus.wr.usgs.gov/namss/data/1979/namss.H-18-79-SC.mcs.airgun/Data/SEGY/Migration/4516.mig.sgy	8.5
https://walrus.wr.usgs.gov/namss/data/1979/namss.H-18-79-SC.mcs.airgun/Data/SEGY/Migration/4517.mig.sgy	35.3
https://walrus.wr.usgs.gov/namss/data/1979/namss.H-18-79-SC.mcs.airgun/Data/SEGY/Migration/4517A.mig.sgy	8.9
https://walrus.wr.usgs.gov/namss/data/1979/namss.H-18-79-SC.mcs.airgun/Data/SEGY/Migration/4518.mig.sgy	8.9
https://walrus.wr.usgs.gov/namss/data/1979/namss.H-18-79-SC.mcs.airgun/Data/SEGY/Migration/4519.mig.sgy	42.2
https://walrus.wr.usgs.gov/namss/data/1979/namss.H-18-79-SC.mcs.airgun/Data/SEGY/Migration/4520.mig.sgy	10.1
https://walrus.wr.usgs.gov/namss/data/1979/namss.H-18-79-SC.mcs.airgun/Data/SEGY/Migration/4521.mig.sgy	39.3
https://walrus.wr.usgs.gov/namss/data/1979/namss.H-18-79-SC.mcs.airgun/Data/SEGY/Migration/4522.mig.sgy	9.7
https://walrus.wr.usgs.gov/namss/data/1979/namss.H-18-79-SC.mcs.airgun/Data/SEGY/Migration/4523.mig.sgy	32.8
https://walrus.wr.usgs.gov/namss/data/1979/namss.H-18-79-SC.mcs.airgun/Data/SEGY/Migration/4524.mig.sgy	11.4
https://walrus.wr.usgs.gov/namss/data/1979/namss.H-18-79-SC.mcs.airgun/Data/SEGY/Migration/4525.mig.sgy	29.6
https://walrus.wr.usgs.gov/namss/data/1979/namss.H-18-79-SC.mcs.airgun/Data/SEGY/Migration/4527.mig.sgy	25.1
https://walrus.wr.usgs.gov/namss/data/1979/namss.H-18-79-SC.mcs.airgun/Data/SEGY/Migration/4528.mig.sgy	15.0
https://walrus.wr.usgs.gov/namss/data/1979/namss.H-18-79-SC.mcs.airgun/Data/SEGY/Migration/4530.mig.sgy	15.4
https://walrus.wr.usgs.gov/namss/data/1979/namss.H-18-79-SC.mcs.airgun/Data/SEGY/Migration/4532.mig.sgy	16.2
https://walrus.wr.usgs.gov/namss/data/1979/namss.H-18-79-SC.mcs.airgun/Data/SEGY/Migration/4534.mig.sgy	15.0
https://walrus.wr.usgs.gov/namss/data/1979/namss.H-18-79-SC.mcs.airgun/Data/SEGY/Migration/4538.mig.sgy	26.0
https://walrus.wr.usgs.gov/namss/data/1979/namss.H-18-79-SC.mcs.airgun/Data/SEGY/Migration/4540.mig.sgy	25.6
https://walrus.wr.usgs.gov/namss/data/1979/namss.H-18-79-SC.mcs.airgun/Data/SEGY/Migration/4542.mig.sgy	13.0
https://walrus.wr.usgs.gov/namss/data/1979/namss.H-18-79-SC.mcs.airgun/Data/SEGY/Migration/4542A.mig.sgy	16.6
https://walrus.wr.usgs.gov/namss/data/1979/namss.H-18-79-SC.mcs.airgun/Data/SEGY/Migration/4544.mig.sgy	26.8
https://walrus.wr.usgs.gov/namss/data/1979/namss.H-18-79-SC.mcs.airgun/Data/SEGY/Migration/4546.mig.sgy	26.4
https://walrus.wr.usgs.gov/namss/data/1979/namss.H-18-79-SC.mcs.airgun/Data/SEGY/Migration/4548.mig.sgy	34.1
https://walrus.wr.usgs.gov/namss/data/1979/namss.H-18-79-SC.mcs.airgun/Data/SEGY/Migration/4550.mig.sgy	26.0
https://walrus.wr.usgs.gov/namss/data/1979/namss.H-18-79-SC.mcs.airgun/Data/SEGY/Migration/4552.mig.sgy	26.8
https://walrus.wr.usgs.gov/namss/data/1979/namss.H-18-79-SC.mcs.airgun/Data/SEGY/Migration/4554.mig.sgy	26.8
https://walrus.wr.usgs.gov/namss/data/1979/namss.H-18-79-SC.mcs.airgun/Data/SEGY/Migration/4556.mig.sgy	24.3
https://walrus.wr.usgs.gov/namss/data/1979/namss.H-18-79-SC.mcs.airgun/Data/SEGY/Migration/4558.mig.sgy	26.0
https://walrus.wr.usgs.gov/namss/data/1979/namss.H-18-79-SC.mcs.airgun/Data/SEGY/Migration/4560.mig.sgy	25.1
https://walrus.wr.usgs.gov/namss/data/1979/namss.H-18-79-SC.mcs.airgun/Data/SEGY/Migration/4564.mig.sgy	24.7
https://walrus.wr.usgs.gov/namss/data/1979/namss.H-18-79-SC.mcs.airgun/Data/SEGY/Migration/4570.mig.sgy	18.3
https://walrus.wr.usgs.gov/namss/data/1979/namss.H-18-79-SC.mcs.airgun/Data/SEGY/Migration/4572.mig.sgy	16.6
https://walrus.wr.usgs.gov/namss/data/1979/namss.H-18-79-SC.mcs.airgun/Data/SEGY/Migration/4574.mig.sgy	16.2
https://walrus.wr.usgs.gov/namss/data/1979/namss.H-18-79-SC.mcs.airgun/Data/SEGY/Migration/4578.mig.sgy	12.2
https://walrus.wr.usgs.gov/namss/data/1979/namss.H-18-79-SC.mcs.airgun/Data/SEGY/Migration/4580.mig.sgy	11.0
https://walrus.wr.usgs.gov/namss/data/1979/namss.H-18-79-SC.mcs.airgun/Data/SEGY/Migration/4582.mig.sgy	9.7
https://walrus.wr.usgs.gov/namss/data/1979/namss.H-18-79-SC.mcs.airgun/Data/SEGY/Migration/4584.mig.sgy	8.1
https://walrus.wr.usgs.gov/namss/data/1979/namss.H-18-79-SC.mcs.airgun/Data/SEGY/Migration/4586.mig.sgy	7.3
https://walrus.wr.usgs.gov/namss/data/1979/namss.H-18-79-SC.mcs.airgun/Data/SEGY/Migration/4588.mig.sgy	7.3
https://walrus.wr.usgs.gov/namss/data/1979/namss.H-18-79-SC.mcs.airgun/Data/SEGY/Migration/4590.mig.sgy	5.3
https://walrus.wr.usgs.gov/namss/data/1979/namss.H-18-79-SC.mcs.airgun/Data/SEGY/Migration/4592.mig.sgy	5.3
https://walrus.wr.usgs.gov/namss/data/1979/namss.H-18-79-SC.mcs.airgun/Data/SEGY/Migration/4625.mig.sgy	12.2
https://walrus.wr.usgs.gov/namss/data/1979/namss.H-18-79-SC.mcs.airgun/Data/SEGY/Migration/4629.mig.sgy	22.3
https://walrus.wr.usgs.gov/namss/data/1979/namss.H-18-79-SC.mcs.airgun/Data/SEGY/Migration/4633.mig.sgy	26.4
https://walrus.wr.usgs.gov/namss/data/1979/namss.H-18-79-SC.mcs.airgun/Data/SEGY/Migration/4635A.mig.sgy	31.2
https://walrus.wr.usgs.gov/namss/data/1979/namss.H-18-79-SC.mcs.airgun/Navigation/h-18-79-sc.420	1.3
