https://walrus.wr.usgs.gov/namss/data/2013/namss.P1-13-LA-GC.mcs.airgun/Data/SEGY/Migration/GC103-mig.sgy	49.7
https://walrus.wr.usgs.gov/namss/data/2013/namss.P1-13-LA-GC.mcs.airgun/Data/SEGY/Migration/GC107-mig.sgy	47.7
https://walrus.wr.usgs.gov/namss/data/2013/namss.P1-13-LA-GC.mcs.airgun/Data/SEGY/Migration/GC111b-mig.sgy	30.7
https://walrus.wr.usgs.gov/namss/data/2013/namss.P1-13-LA-GC.mcs.airgun/Data/SEGY/Migration/GC119-mig.sgy	38.6
https://walrus.wr.usgs.gov/namss/data/2013/namss.P1-13-LA-GC.mcs.airgun/Data/SEGY/Migration/GC123-mig.sgy	28.2
https://walrus.wr.usgs.gov/namss/data/2013/namss.P1-13-LA-GC.mcs.airgun/Data/SEGY/Migration/GC123a-mig.sgy	31.5
https://walrus.wr.usgs.gov/namss/data/2013/namss.P1-13-LA-GC.mcs.airgun/Data/SEGY/Migration/GC125-mig.sgy	31.7
https://walrus.wr.usgs.gov/namss/data/2013/namss.P1-13-LA-GC.mcs.airgun/Data/SEGY/Migration/GC127-mig.sgy	33.1
https://walrus.wr.usgs.gov/namss/data/2013/namss.P1-13-LA-GC.mcs.airgun/Data/SEGY/Migration/GC127a-mig.sgy	9.4
https://walrus.wr.usgs.gov/namss/data/2013/namss.P1-13-LA-GC.mcs.airgun/Data/SEGY/Migration/GC127b-mig.sgy	44.5
https://walrus.wr.usgs.gov/namss/data/2013/namss.P1-13-LA-GC.mcs.airgun/Data/SEGY/Migration/GC127c-mig.sgy	33.1
https://walrus.wr.usgs.gov/namss/data/2013/namss.P1-13-LA-GC.mcs.airgun/Data/SEGY/Migration/GC129-mig.sgy	31.7
https://walrus.wr.usgs.gov/namss/data/2013/namss.P1-13-LA-GC.mcs.airgun/Data/SEGY/Migration/GC129a-mig.sgy	28.0
https://walrus.wr.usgs.gov/namss/data/2013/namss.P1-13-LA-GC.mcs.airgun/Data/SEGY/Migration/GC131-mig.sgy	28.8
https://walrus.wr.usgs.gov/namss/data/2013/namss.P1-13-LA-GC.mcs.airgun/Data/SEGY/Migration/GC135-mig.sgy	35.0
https://walrus.wr.usgs.gov/namss/data/2013/namss.P1-13-LA-GC.mcs.airgun/Data/SEGY/Migration/GC139-mig.sgy	28.7
https://walrus.wr.usgs.gov/namss/data/2013/namss.P1-13-LA-GC.mcs.airgun/Data/SEGY/Migration/GC143-mig.sgy	36.0
https://walrus.wr.usgs.gov/namss/data/2013/namss.P1-13-LA-GC.mcs.airgun/Data/SEGY/Migration/GC145-mig.sgy	29.8
https://walrus.wr.usgs.gov/namss/data/2013/namss.P1-13-LA-GC.mcs.airgun/Data/SEGY/Migration/GC147-mig.sgy	24.7
https://walrus.wr.usgs.gov/namss/data/2013/namss.P1-13-LA-GC.mcs.airgun/Data/SEGY/Migration/GC151-mig.sgy	28.5
https://walrus.wr.usgs.gov/namss/data/2013/namss.P1-13-LA-GC.mcs.airgun/Data/SEGY/Migration/GC153-mig.sgy	28.2
https://walrus.wr.usgs.gov/namss/data/2013/namss.P1-13-LA-GC.mcs.airgun/Data/SEGY/Migration/GC153a-mig.sgy	26.6
https://walrus.wr.usgs.gov/namss/data/2013/namss.P1-13-LA-GC.mcs.airgun/Data/SEGY/Migration/GC155-mig.sgy	45.7
https://walrus.wr.usgs.gov/namss/data/2013/namss.P1-13-LA-GC.mcs.airgun/Data/SEGY/Migration/GC155a-mig.sgy	44.9
https://walrus.wr.usgs.gov/namss/data/2013/namss.P1-13-LA-GC.mcs.airgun/Data/SEGY/Migration/GC157-mig.sgy	26.6
https://walrus.wr.usgs.gov/namss/data/2013/namss.P1-13-LA-GC.mcs.airgun/Data/SEGY/Migration/GC159-mig.sgy	30.8
https://walrus.wr.usgs.gov/namss/data/2013/namss.P1-13-LA-GC.mcs.airgun/Data/SEGY/Migration/GC161-mig.sgy	43.8
https://walrus.wr.usgs.gov/namss/data/2013/namss.P1-13-LA-GC.mcs.airgun/Data/SEGY/Migration/GC165-mig.sgy	36.8
https://walrus.wr.usgs.gov/namss/data/2013/namss.P1-13-LA-GC.mcs.airgun/Data/SEGY/Migration/GC169-mig.sgy	31.7
https://walrus.wr.usgs.gov/namss/data/2013/namss.P1-13-LA-GC.mcs.airgun/Data/SEGY/Migration/GC175-mig.sgy	31.5
https://walrus.wr.usgs.gov/namss/data/2013/namss.P1-13-LA-GC.mcs.airgun/Data/SEGY/Migration/GC187-mig.sgy	34.3
https://walrus.wr.usgs.gov/namss/data/2013/namss.P1-13-LA-GC.mcs.airgun/Data/SEGY/Migration/GC203-mig.sgy	44.0
https://walrus.wr.usgs.gov/namss/data/2013/namss.P1-13-LA-GC.mcs.airgun/Data/SEGY/Migration/GC207-mig.sgy	45.2
https://walrus.wr.usgs.gov/namss/data/2013/namss.P1-13-LA-GC.mcs.airgun/Data/SEGY/Migration/GC211-mig.sgy	47.6
https://walrus.wr.usgs.gov/namss/data/2013/namss.P1-13-LA-GC.mcs.airgun/Data/SEGY/Migration/GC215-mig.sgy	33.5
https://walrus.wr.usgs.gov/namss/data/2013/namss.P1-13-LA-GC.mcs.airgun/Data/SEGY/Migration/GC217-mig.sgy	46.7
https://walrus.wr.usgs.gov/namss/data/2013/namss.P1-13-LA-GC.mcs.airgun/Data/SEGY/Migration/GC221-mig.sgy	31.5
https://walrus.wr.usgs.gov/namss/data/2013/namss.P1-13-LA-GC.mcs.airgun/Data/SEGY/Migration/GC223-mig.sgy	28.7
https://walrus.wr.usgs.gov/namss/data/2013/namss.P1-13-LA-GC.mcs.airgun/Data/SEGY/Migration/GC225-mig.sgy	44.3
https://walrus.wr.usgs.gov/namss/data/2013/namss.P1-13-LA-GC.mcs.airgun/Data/SEGY/Migration/GC225a-mig.sgy	47.0
https://walrus.wr.usgs.gov/namss/data/2013/namss.P1-13-LA-GC.mcs.airgun/Data/SEGY/Migration/GC227-mig.sgy	30.0
https://walrus.wr.usgs.gov/namss/data/2013/namss.P1-13-LA-GC.mcs.airgun/Data/SEGY/Migration/GC229-mig.sgy	38.3
https://walrus.wr.usgs.gov/namss/data/2013/namss.P1-13-LA-GC.mcs.airgun/Data/SEGY/Migration/GC233-mig.sgy	41.4
https://walrus.wr.usgs.gov/namss/data/2013/namss.P1-13-LA-GC.mcs.airgun/Data/SEGY/Migration/GC235-mig.sgy	34.8
https://walrus.wr.usgs.gov/namss/data/2013/namss.P1-13-LA-GC.mcs.airgun/Data/SEGY/Migration/GC237-mig.sgy	44.1
https://walrus.wr.usgs.gov/namss/data/2013/namss.P1-13-LA-GC.mcs.airgun/Data/SEGY/Migration/GC241-mig.sgy	30.2
https://walrus.wr.usgs.gov/namss/data/2013/namss.P1-13-LA-GC.mcs.airgun/Data/SEGY/Migration/GC245-mig.sgy	45.0
https://walrus.wr.usgs.gov/namss/data/2013/namss.P1-13-LA-GC.mcs.airgun/Data/SEGY/Migration/GC249-mig.sgy	38.6
https://walrus.wr.usgs.gov/namss/data/2013/namss.P1-13-LA-GC.mcs.airgun/Data/SEGY/Migration/GC253-mig.sgy	46.4
https://walrus.wr.usgs.gov/namss/data/2013/namss.P1-13-LA-GC.mcs.airgun/Data/SEGY/Migration/GC261-mig.sgy	28.8
https://walrus.wr.usgs.gov/namss/data/2013/namss.P1-13-LA-GC.mcs.airgun/Data/SEGY/Migration/GC265-mig.sgy	45.0
https://walrus.wr.usgs.gov/namss/data/2013/namss.P1-13-LA-GC.mcs.airgun/Data/SEGY/Migration/GC269-mig.sgy	34.6
https://walrus.wr.usgs.gov/namss/data/2013/namss.P1-13-LA-GC.mcs.airgun/Data/SEGY/Migration/GC273-mig.sgy	38.4
https://walrus.wr.usgs.gov/namss/data/2013/namss.P1-13-LA-GC.mcs.airgun/Data/SEGY/Migration/GC287-mig.sgy	37.7
https://walrus.wr.usgs.gov/namss/data/2013/namss.P1-13-LA-GC.mcs.airgun/Data/SEGY/Migration/GC302-mig.sgy	151.8
https://walrus.wr.usgs.gov/namss/data/2013/namss.P1-13-LA-GC.mcs.airgun/Data/SEGY/Migration/GC312-mig.sgy	41.5
https://walrus.wr.usgs.gov/namss/data/2013/namss.P1-13-LA-GC.mcs.airgun/Data/SEGY/Migration/GC312a-mig.sgy	75.8
https://walrus.wr.usgs.gov/namss/data/2013/namss.P1-13-LA-GC.mcs.airgun/Data/SEGY/Migration/GC321-mig.sgy	97.9
https://walrus.wr.usgs.gov/namss/data/2013/namss.P1-13-LA-GC.mcs.airgun/Data/SEGY/Migration/GC321a-mig.sgy	30.5
https://walrus.wr.usgs.gov/namss/data/2013/namss.P1-13-LA-GC.mcs.airgun/Data/SEGY/Migration/GC321b-mig.sgy	77.5
https://walrus.wr.usgs.gov/namss/data/2013/namss.P1-13-LA-GC.mcs.airgun/Data/SEGY/Migration/GC331-mig.sgy	35.3
https://walrus.wr.usgs.gov/namss/data/2013/namss.P1-13-LA-GC.mcs.airgun/Data/SEGY/Migration/GC331b-mig.sgy	98.2
https://walrus.wr.usgs.gov/namss/data/2013/namss.P1-13-LA-GC.mcs.airgun/Data/SEGY/Migration/GCSEMA-mig.sgy	45.8
https://walrus.wr.usgs.gov/namss/data/2013/namss.P1-13-LA-GC.mcs.airgun/Data/SEGY/Stack/GC103-stk.sgy	49.7
https://walrus.wr.usgs.gov/namss/data/2013/namss.P1-13-LA-GC.mcs.airgun/Data/SEGY/Stack/GC111b-stk.sgy	30.7
https://walrus.wr.usgs.gov/namss/data/2013/namss.P1-13-LA-GC.mcs.airgun/Data/SEGY/Stack/GC119-stk.sgy	38.6
https://walrus.wr.usgs.gov/namss/data/2013/namss.P1-13-LA-GC.mcs.airgun/Data/SEGY/Stack/GC123-stk.sgy	28.2
https://walrus.wr.usgs.gov/namss/data/2013/namss.P1-13-LA-GC.mcs.airgun/Data/SEGY/Stack/GC123a-stk.sgy	31.5
https://walrus.wr.usgs.gov/namss/data/2013/namss.P1-13-LA-GC.mcs.airgun/Data/SEGY/Stack/GC125-stk.sgy	31.7
https://walrus.wr.usgs.gov/namss/data/2013/namss.P1-13-LA-GC.mcs.airgun/Data/SEGY/Stack/GC127-stk.sgy	33.1
https://walrus.wr.usgs.gov/namss/data/2013/namss.P1-13-LA-GC.mcs.airgun/Data/SEGY/Stack/GC127a-stk.sgy	9.4
https://walrus.wr.usgs.gov/namss/data/2013/namss.P1-13-LA-GC.mcs.airgun/Data/SEGY/Stack/GC127b-stk.sgy	44.5
https://walrus.wr.usgs.gov/namss/data/2013/namss.P1-13-LA-GC.mcs.airgun/Data/SEGY/Stack/GC127c-stk.sgy	33.1
https://walrus.wr.usgs.gov/namss/data/2013/namss.P1-13-LA-GC.mcs.airgun/Data/SEGY/Stack/GC129-stk.sgy	31.7
https://walrus.wr.usgs.gov/namss/data/2013/namss.P1-13-LA-GC.mcs.airgun/Data/SEGY/Stack/GC129a-stk.sgy	28.0
https://walrus.wr.usgs.gov/namss/data/2013/namss.P1-13-LA-GC.mcs.airgun/Data/SEGY/Stack/GC131-stk.sgy	28.8
https://walrus.wr.usgs.gov/namss/data/2013/namss.P1-13-LA-GC.mcs.airgun/Data/SEGY/Stack/GC135-stk.sgy	35.0
https://walrus.wr.usgs.gov/namss/data/2013/namss.P1-13-LA-GC.mcs.airgun/Data/SEGY/Stack/GC139-stk.sgy	28.7
https://walrus.wr.usgs.gov/namss/data/2013/namss.P1-13-LA-GC.mcs.airgun/Data/SEGY/Stack/GC143-stk.sgy	36.0
https://walrus.wr.usgs.gov/namss/data/2013/namss.P1-13-LA-GC.mcs.airgun/Data/SEGY/Stack/GC145-stk.sgy	29.8
https://walrus.wr.usgs.gov/namss/data/2013/namss.P1-13-LA-GC.mcs.airgun/Data/SEGY/Stack/GC147-stk.sgy	24.7
https://walrus.wr.usgs.gov/namss/data/2013/namss.P1-13-LA-GC.mcs.airgun/Data/SEGY/Stack/GC151-stk.sgy	28.5
https://walrus.wr.usgs.gov/namss/data/2013/namss.P1-13-LA-GC.mcs.airgun/Data/SEGY/Stack/GC153-stk.sgy	28.2
https://walrus.wr.usgs.gov/namss/data/2013/namss.P1-13-LA-GC.mcs.airgun/Data/SEGY/Stack/GC153a-stk.sgy	26.6
https://walrus.wr.usgs.gov/namss/data/2013/namss.P1-13-LA-GC.mcs.airgun/Data/SEGY/Stack/GC155-stk.sgy	45.7
https://walrus.wr.usgs.gov/namss/data/2013/namss.P1-13-LA-GC.mcs.airgun/Data/SEGY/Stack/GC155a-stk.sgy	44.9
https://walrus.wr.usgs.gov/namss/data/2013/namss.P1-13-LA-GC.mcs.airgun/Data/SEGY/Stack/GC157-stk.sgy	26.6
https://walrus.wr.usgs.gov/namss/data/2013/namss.P1-13-LA-GC.mcs.airgun/Data/SEGY/Stack/GC159-stk.sgy	30.8
https://walrus.wr.usgs.gov/namss/data/2013/namss.P1-13-LA-GC.mcs.airgun/Data/SEGY/Stack/GC161-stk.sgy	43.8
https://walrus.wr.usgs.gov/namss/data/2013/namss.P1-13-LA-GC.mcs.airgun/Data/SEGY/Stack/GC165-stk.sgy	36.8
https://walrus.wr.usgs.gov/namss/data/2013/namss.P1-13-LA-GC.mcs.airgun/Data/SEGY/Stack/GC169-stk.sgy	31.7
https://walrus.wr.usgs.gov/namss/data/2013/namss.P1-13-LA-GC.mcs.airgun/Data/SEGY/Stack/GC175-stk.sgy	31.5
https://walrus.wr.usgs.gov/namss/data/2013/namss.P1-13-LA-GC.mcs.airgun/Data/SEGY/Stack/GC187-stk.sgy	34.3
https://walrus.wr.usgs.gov/namss/data/2013/namss.P1-13-LA-GC.mcs.airgun/Data/SEGY/Stack/GC203-stk.sgy	44.0
https://walrus.wr.usgs.gov/namss/data/2013/namss.P1-13-LA-GC.mcs.airgun/Data/SEGY/Stack/GC207-stk.sgy	45.2
https://walrus.wr.usgs.gov/namss/data/2013/namss.P1-13-LA-GC.mcs.airgun/Data/SEGY/Stack/GC211-stk.sgy	47.6
https://walrus.wr.usgs.gov/namss/data/2013/namss.P1-13-LA-GC.mcs.airgun/Data/SEGY/Stack/GC215-stk.sgy	33.5
https://walrus.wr.usgs.gov/namss/data/2013/namss.P1-13-LA-GC.mcs.airgun/Data/SEGY/Stack/GC217-stk.sgy	46.7
https://walrus.wr.usgs.gov/namss/data/2013/namss.P1-13-LA-GC.mcs.airgun/Data/SEGY/Stack/GC221-stk.sgy	31.5
https://walrus.wr.usgs.gov/namss/data/2013/namss.P1-13-LA-GC.mcs.airgun/Data/SEGY/Stack/GC223-stk.sgy	28.7
https://walrus.wr.usgs.gov/namss/data/2013/namss.P1-13-LA-GC.mcs.airgun/Data/SEGY/Stack/GC225-stk.sgy	44.3
https://walrus.wr.usgs.gov/namss/data/2013/namss.P1-13-LA-GC.mcs.airgun/Data/SEGY/Stack/GC225a-stk.sgy	47.0
https://walrus.wr.usgs.gov/namss/data/2013/namss.P1-13-LA-GC.mcs.airgun/Data/SEGY/Stack/GC227-stk.sgy	30.0
https://walrus.wr.usgs.gov/namss/data/2013/namss.P1-13-LA-GC.mcs.airgun/Data/SEGY/Stack/GC229-stk.sgy	38.3
https://walrus.wr.usgs.gov/namss/data/2013/namss.P1-13-LA-GC.mcs.airgun/Data/SEGY/Stack/GC233-stk.sgy	41.4
https://walrus.wr.usgs.gov/namss/data/2013/namss.P1-13-LA-GC.mcs.airgun/Data/SEGY/Stack/GC235-stk.sgy	34.8
https://walrus.wr.usgs.gov/namss/data/2013/namss.P1-13-LA-GC.mcs.airgun/Data/SEGY/Stack/GC237-stk.sgy	44.1
https://walrus.wr.usgs.gov/namss/data/2013/namss.P1-13-LA-GC.mcs.airgun/Data/SEGY/Stack/GC241-stk.sgy	30.2
https://walrus.wr.usgs.gov/namss/data/2013/namss.P1-13-LA-GC.mcs.airgun/Data/SEGY/Stack/GC245-stk.sgy	45.0
https://walrus.wr.usgs.gov/namss/data/2013/namss.P1-13-LA-GC.mcs.airgun/Data/SEGY/Stack/GC249-stk.sgy	38.6
https://walrus.wr.usgs.gov/namss/data/2013/namss.P1-13-LA-GC.mcs.airgun/Data/SEGY/Stack/GC253-stk.sgy	46.4
https://walrus.wr.usgs.gov/namss/data/2013/namss.P1-13-LA-GC.mcs.airgun/Data/SEGY/Stack/GC261-stk.sgy	28.8
https://walrus.wr.usgs.gov/namss/data/2013/namss.P1-13-LA-GC.mcs.airgun/Data/SEGY/Stack/GC265-stk.sgy	45.0
https://walrus.wr.usgs.gov/namss/data/2013/namss.P1-13-LA-GC.mcs.airgun/Data/SEGY/Stack/GC269-stk.sgy	34.6
https://walrus.wr.usgs.gov/namss/data/2013/namss.P1-13-LA-GC.mcs.airgun/Data/SEGY/Stack/GC273-stk.sgy	38.4
https://walrus.wr.usgs.gov/namss/data/2013/namss.P1-13-LA-GC.mcs.airgun/Data/SEGY/Stack/GC287-stk.sgy	37.7
https://walrus.wr.usgs.gov/namss/data/2013/namss.P1-13-LA-GC.mcs.airgun/Data/SEGY/Stack/GC302-stk.sgy	151.8
https://walrus.wr.usgs.gov/namss/data/2013/namss.P1-13-LA-GC.mcs.airgun/Data/SEGY/Stack/GC312-stk.sgy	41.5
https://walrus.wr.usgs.gov/namss/data/2013/namss.P1-13-LA-GC.mcs.airgun/Data/SEGY/Stack/GC312a-stk.sgy	75.8
https://walrus.wr.usgs.gov/namss/data/2013/namss.P1-13-LA-GC.mcs.airgun/Data/SEGY/Stack/GC321-stk.sgy	97.9
https://walrus.wr.usgs.gov/namss/data/2013/namss.P1-13-LA-GC.mcs.airgun/Data/SEGY/Stack/GC321a-stk.sgy	30.5
https://walrus.wr.usgs.gov/namss/data/2013/namss.P1-13-LA-GC.mcs.airgun/Data/SEGY/Stack/GC321b-stk.sgy	77.5
https://walrus.wr.usgs.gov/namss/data/2013/namss.P1-13-LA-GC.mcs.airgun/Data/SEGY/Stack/GC331-stk.sgy	35.3
https://walrus.wr.usgs.gov/namss/data/2013/namss.P1-13-LA-GC.mcs.airgun/Data/SEGY/Stack/GC331b-stk.sgy	98.2
https://walrus.wr.usgs.gov/namss/data/2013/namss.P1-13-LA-GC.mcs.airgun/Data/SEGY/Stack/GCSEMA-stk.sgy	45.8
https://walrus.wr.usgs.gov/namss/data/2013/namss.P1-13-LA-GC.mcs.airgun/Navigation/gc_full_nav.txt	6.4
https://walrus.wr.usgs.gov/namss/data/2013/namss.P1-13-LA-GC.mcs.airgun/Navigation/p1-13-la.gc.420	7.0
